City,NO2
Delhi,0.00022053233870403672
Mumbai,0.00022411803410452786
Bengaluru,9.322327893393919e-05
Chennai,9.501978310664353e-05
Kolkata,0.00014734406960658145
