City,NO2,HCHO,Temperature,AQI
Delhi,0.0001930976,0.00022236178680918548,22,250
Mumbai,0.0002241180,0.0003649750911664956,28,120
Bengaluru,0.0000932233,0.00011358279769061775,24,70
Chennai,0.0000950198,0.00008422947792551092,29,90
Kolkata,0.0001473441,0.00025373764302828933,20,180